Forms of country names,Country Name (usual),2char country code,3char country code,Type of match,Possible mismatch
Afghanistan,Afghanistan,AF,AFG,Country name,
Akrotiri and Dhekelia,United Kingdom,GB,GBR,Country name,
?land,Aland Islands,AX,ALA,Country name,
Aland Islands,Aland Islands,AX,ALA,Country name,
?land Islands,Aland Islands,AX,ALA,Country name,
Albania,Albania,AL,ALB,Country name,
Algeria,Algeria,DZ,DZA,Country name,
All land and ice shelves south of the 60th parallel south,Antarctica,AQ,ATA,Country name,
American Samoa,American Samoa,AS,ASM,Country name,
Andorra,Andorra,AD,AND,Country name,
Angola,Angola,AO,AGO,Country name,
Anguilla,Anguilla,AI,AIA,Country name,
Antarctica,Antarctica,AQ,ATA,Country name,
Antigua and Barbuda,Antigua and Barbuda,AG,ATG,Country name,
Argentina,Argentina,AR,ARG,Country name,
Armenia,Armenia,AM,ARM,Country name,
Aruba,Aruba,AW,ABW,Country name,
Ashmore and Cartier Islands,Australia,AU,AUS,Country name,
Australia,Australia,AU,AUS,Country name,
Austria,Austria,AT,AUT,Country name,
Azerbaijan,Azerbaijan,AZ,AZE,Country name,
Bahamas,Bahamas,BS,BHS,Country name,
"Bahamas, The",Bahamas,BS,BHS,Country name,
Bahrain,Bahrain,BH,BHR,Country name,
"Baker Island, Howland Island, Jarvis Island, Johnston Atoll, Kingman Reef, Midway Atoll, Navassa Island, Palmyra Atoll, and Wake Island",United States Minor Outlying Islands,UM,UMI,Country name,
Bangladesh,Bangladesh,BD,BGD,Country name,
Barbados,Barbados,BB,BRB,Country name,
Belarus,Belarus,BY,BLR,Country name,
Belgium,Belgium,BE,BEL,Country name,
Belize,Belize,BZ,BLZ,Country name,
Benin,Benin,BJ,BEN,Country name,
Bermuda,Bermuda,BM,BMU,Country name,
Bhutan,Bhutan,BT,BTN,Country name,
Bolivarian Republic of Venezuela,Venezuela,VE,VEN,Country name,
Bolivia,Bolivia,BO,BOL,Country name,
Bonaire,Bonaire,BQ,BES,Country name,
"Bonaire, Sint Eustatius and Saba",Bonaire,BQ,BES,Country name,
Bosnia,Bosnia and Herzegovina,BA,BIH,Country name,
Bosnia and Herzegovina,Bosnia and Herzegovina,BA,BIH,Country name,
Botswana,Botswana,BW,BWA,Country name,
Bouvet Island,Bouvet Island,BV,BVT,Country name,
Brazil,Brazil,BR,BRA,Country name,
British Indian Ocean Territory,British Indian Ocean Territory,IO,IOT,Country name,
British Virgin Islands,Virgin Islands,VG,VGB,Country name,
Brunei,Brunei,BN,BRN,Country name,
Brunei Darussalam?,Brunei,BN,BRN,Country name,
Bulgaria,Bulgaria,BG,BGR,Country name,
Burkina Faso,Burkina Faso,BF,BFA,Country name,
Burma,Myanmar,MM,MMR,Country name,
Burundi,Burundi,BI,BDI,Country name,
Cabo Verde,Cabo Verde?,CV,CPV,Country name,
Cambodia,Cambodia,KH,KHM,Country name,
Cameroon,Cameroon,CM,CMR,Country name,
Canada,Canada,CA,CAN,Country name,
Cape Verde,Cabo Verde?,CV,CPV,Country name,
CAR,Central African Republic,CF,CAF,Country name,
Caribbean Netherlands,Bonaire,BQ,BES,Country name,
Cayman Islands,Cayman Islands,KY,CYM,Country name,
Central African Republic,Central African Republic,CF,CAF,Country name,
Clipperton Island,France,FR,FRA,Country name,
Coast D'Ivoire,Cote d'Ivoire,CI,CIV,Country name,
Cocos,Cocos,CC,CCK,Country name,
Colombia,Colombia,CO,COL,Country name,
Comoros,Comoros,KM,COM,Country name,
Congo,Congo Kinshasa,CD,COD,Country name,Mismatch possible
Congo (Brazzaville),Congo Brazzaville,CG,COG,Country name,
Congo (Kinshasa),Congo Kinshasa,CD,COD,Country name,
Congo Brazzaville,Congo Brazzaville,CG,COG,Country name,
Congo Kinshasa,Congo Kinshasa,CD,COD,Country name,
"Congo, the Democratic Republic of the",Congo Kinshasa,CD,COD,Country name,
Cook Islands,Cook Islands,CK,COK,Country name,
Coral Sea Islands,Australia,AU,AUS,Country name,
Costa Rica,Costa Rica,CR,CRI,Country name,
Cote d'Ivoire,Cote d'Ivoire,CI,CIV,Country name,
Côte d'Ivoire,Cote d'Ivoire,CI,CIV,Country name,
Croatia,Croatia,HR,HRV,Country name,
Cuba,Cuba,CU,CUB,Country name,
Curacao,Curacao,CW,CUW,Country name,
Curaçao,Curacao,CW,CUW,Country name,
Cyprus,Cyprus,CY,CYP,Country name,
Czech Republic,Czechia,CZ,CZE,Country name,
Czechia,Czechia,CZ,CZE,Country name,
Democratic People's Republic of Korea,South Korea,KP,PRK,Country name,
Democratic Republic of the Congo,Congo Kinshasa,CD,COD,Country name,
Denmark,Denmark,DK,DNK,Country name,
Djibouti,Djibouti,DJ,DJI,Country name,
Dominica,Dominica,DM,DMA,Country name,
Dominican Republic,Dominican Republic,DO,DOM,Country name,
DR Congo,Congo Brazzaville,CG,COG,Country name,Mismatch possible
DRC,Congo Kinshasa,CD,COD,Country name,
Dutch Antilles,Netherlands Antilles,AN,ANT,Country name,
Dutch part Sint Maarten,Sint Maarten,SX,SXM,Country name,
East Timor,Timor Leste,TL,TLS,Country name,
Ecuador,Ecuador,EC,ECU,Country name,
Egypt,Egypt,EG,EGY,Country name,
El Salvador,El Salvador,SV,SLV,Country name,
England,United Kingdom,GB,GBR,Country name,
Equatorial Guinea,Equatorial Guinea,GQ,GNQ,Country name,
Eritrea,Eritrea,ER,ERI,Country name,
Estonia,Estonia,EE,EST,Country name,
Eswatini,Eswatini,SZ,SWZ,Country name,
Ethiopia,Ethiopia,ET,ETH,Country name,
Faeroe Islands,Faroe Islands,FO,FRO,Country name,
Falkland Islands,Falkland Islands,FK,FLK,Country name,
Faroe Islands,Faroe Islands,FO,FRO,Country name,
Federated States of Micronesia,Micronesia,FM,FSM,Country name,
Fiji,Fiji,FJ,FJI,Country name,
Finland,Finland,FI,FIN,Country name,
France,France,FR,FRA,Country name,
French Guiana,French Guiana,GF,GUF,Country name,
French part Saint Martin,Saint Martin,MF,MAF,Country name,
French Polynesia,French Polynesia,PF,PYF,Country name,
French Southern Territories,French Southern Territories,TF,ATF,Country name,
Gabon,Gabon,GA,GAB,Country name,
Gambia,Gambia,GM,GMB,Country name,
"Gambia, The",Gambia,GM,GMB,Country name,
Georgia,Georgia,GE,GEO,Country name,
Germany,Germany,DE,DEU,Country name,
Ghana,Ghana,GH,GHA,Country name,
Gibraltar,Gibraltar,GI,GIB,Country name,
Great Britain,United Kingdom,GB,GBR,Country name,
Greece,Greece,GR,GRC,Country name,
Greenland,Greenland,GL,GRL,Country name,
Grenada,Grenada,GD,GRD,Country name,
Guadeloupe,Guadeloupe,GP,GLP,Country name,
Guam,Guam,GU,GUM,Country name,
Guatemala,Guatemala,GT,GTM,Country name,
Guernsey,Guernsey,GG,GGY,Country name,
Guinea,Guinea,GN,GIN,Country name,
Guinea Bissau,Guinea Bissau,GW,GNB,Country name,
Guinea-Bissau,Guinea Bissau,GW,GNB,Country name,
Guyana,Guyana,GY,GUY,Country name,
Guyane,French Guiana,GF,GUF,Country name,
Haiti,Haiti,HT,HTI,Country name,
Hawaiian Islands,USA,US,USA,Country name,
Heard Island and McDonald Islands,Heard Island and McDonald Islands,HM,HMD,Country name,
Holy See,Vatican City,VA,VAT,Country name,
Holy See (Vatican City State),Vatican City,VA,VAT,Country name,
Honduras,Honduras,HN,HND,Country name,
Hong Kong,Hong Kong,HK,HKG,Country name,
Hong Kong SAR,Hong Kong,HK,HKG,Country name,
Hungary,Hungary,HU,HUN,Country name,
Chad,Chad,TD,TCD,Country name,
Channel Islands,United Kingdom,GB,GBR,Country name,
Chile,Chile,CL,CHL,Country name,
China,China,CN,CHN,Country name,
Christmas Island,Christmas Island,CX,CXR,Country name,
Iceland,Iceland,IS,ISL,Country name,
India,India,IN,IND,Country name,
Indonesia,Indonesia,ID,IDN,Country name,
Iran,Iran,IR,IRN,Country name,
Iran (Islamic Republic of),Iran,IR,IRN,Country name,
"Iran, Islamic Republic of",Iran,IR,IRN,Country name,
Iraq,Iraq,IQ,IRQ,Country name,
Ireland,Ireland,IE,IRL,Country name,
Islamic Republic of Iran,Iran,IR,IRN,Country name,
Isle of Man,Isle of Man,IM,IMN,Country name,
Israel,Israel,IL,ISR,Country name,
Italy,Italy,IT,ITA,Country name,
Ivory Coast,Cote d'Ivoire,CI,CIV,Country name,
Jamaica,Jamaica,JM,JAM,Country name,
Japan,Japan,JP,JPN,Country name,
Jersey,Jersey,JE,JEY,Country name,
Jordan,Jordan,JO,JOR,Country name,
Kalaallit Nunaat,Greenland,GL,GRL,Country name,
Kazakhstan,Kazakhstan,KZ,KAZ,Country name,
Kenya,Kenya,KE,KEN,Country name,
Kiribati,Kiribati,KI,KIR,Country name,
Korea,South Korea,KP,PRK,Country name,Mismatch possible
"Korea, South",South Korea,KP,PRK,Country name,
Kosovo,Kosovo,XK,XKX,Country name,
Kuwait,Kuwait,KW,KWT,Country name,
Kyrgyzstan,Kyrgyzstan,KG,KGZ,Country name,
Lao People's Democratic Republic,Laos,LA,LAO,Country name,
Laos,Laos,LA,LAO,Country name,
Latvia,Latvia,LV,LVA,Country name,
Lebanon,Lebanon,LB,LBN,Country name,
Lesotho,Lesotho,LS,LSO,Country name,
Liberia,Liberia,LR,LBR,Country name,
Libya,Libya,LY,LBY,Country name,
Libyan Arab Jamahiriya,Libya,LY,LBY,Country name,
Liechtenstein,Liechtenstein,LI,LIE,Country name,
Lithuania,Lithuania,LT,LTU,Country name,
Luxembourg,Luxembourg,LU,LUX,Country name,
Macao,Macao,MO,MAC,Country name,
Macao SAR,Macao,MO,MAC,Country name,
Macao Special Administrative Region of China,Macao,MO,MAC,Country name,
Macau,Macao,MO,MAC,Country name,
Macedonia,North Macedonia,MK,MKD,Country name,
"Macedonia, the former Yugoslav Republic of",North Macedonia,MK,MKD,Country name,
Madagascar,Madagascar,MG,MDG,Country name,
Mainland China,China,CN,CHN,Country name,
Malawi,Malawi,MW,MWI,Country name,
Malaysia,Malaysia,MY,MYS,Country name,
Maldives,Maldives,MV,MDV,Country name,
Mali,Mali,ML,MLI,Country name,
Malta,Malta,MT,MLT,Country name,
Malvinas,Falkland Islands,FK,FLK,Country name,
Marshall Islands,Marshall Islands,MH,MHL,Country name,
Martinique,Martinique,MQ,MTQ,Country name,
Mauritania,Mauritania,MR,MRT,Country name,
Mauritius,Mauritius,MU,MUS,Country name,
Mayotte,Mayotte,YT,MYT,Country name,
Mexico,Mexico,MX,MEX,Country name,
Micronesia,Micronesia,FM,FSM,Country name,
Moldova,Moldova,MD,MDA,Country name,
"Moldova, Republic of",Moldova,MD,MDA,Country name,
Monaco,Monaco,MC,MCO,Country name,
Mongolia,Mongolia,MN,MNG,Country name,
Montenegro,Montenegro,ME,MNE,Country name,
Montserrat,Montserrat,MS,MSR,Country name,
Morocco,Morocco,MA,MAR,Country name,
Mozambique,Mozambique,MZ,MOZ,Country name,
Myanmar,Myanmar,MM,MMR,Country name,
Namibia,Namibia,NA,NAM,Country name,
Nauru,Nauru,NR,NRU,Country name,
Nepal,Nepal,NP,NPL,Country name,
Netherlands,Netherlands,NL,NLD,Country name,
Netherlands Antilles,Netherlands Antilles,AN,ANT,Country name,
New Caledonia,New Caledonia,NC,NCL,Country name,
New Zealand,New Zealand,NZ,NZL,Country name,
Nicaragua,Nicaragua,NI,NIC,Country name,
Niger,Niger,NE,NER,Country name,
Nigeria,Nigeria,NG,NGA,Country name,
Niue,Niue,NU,NIU,Country name,
Norfolk Island,Norfolk Island,NF,NFK,Country name,
North Korea,North Korea,KR,KOR,Country name,
North Macedonia,North Macedonia,MK,MKD,Country name,
Northern Ireland,United Kingdom,GB,GBR,Country name,
Northern Mariana Islands,Northern Mariana Islands,MP,MNP,Country name,
Norway,Norway,NO,NOR,Country name,
occupied Palestinian territory,Palestine,PS,PSE,Country name,
Oman,Oman,OM,OMN,Country name,
Pakistan,Pakistan,PK,PAK,Country name,
Palau,Palau,PW,PLW,Country name,
Palestine,Palestine,PS,PSE,Country name,
"Palestine, State of",Palestine,PS,PSE,Country name,
"Palestinian Territory, Occupied",Palestine,PS,PSE,Country name,
Panama,Panama,PA,PAN,Country name,
Papua New Guinea,Papua New Guinea,PG,PNG,Country name,
Paraguay,Paraguay,PY,PRY,Country name,
People's Republic of China,China,CN,CHN,Country name,
Peru,Peru,PE,PER,Country name,
Philippines,Philippines,PH,PHL,Country name,
Pitcairn,Pitcairn,PN,PCN,Country name,
Plurinational State of Bolivia,Bolivia,BO,BOL,Country name,
Poland,Poland,PL,POL,Country name,
Portugal,Portugal,PT,PRT,Country name,
Province of China Taiwan,Taiwan,TW,TWN,Country name,
Puerto Rico,Puerto Rico,PR,PRI,Country name,
Qatar,Qatar,QA,QAT,Country name,
Republic of China,Taiwan,TW,TWN,Country name,
Republic of Ireland,Ireland,IE,IRL,Country name,
Republic of Korea,North Korea,KR,KOR,Country name,Mismatch possible
Republic of Moldova,Moldova,MD,MDA,Country name,
Republic of North Macedonia,North Macedonia,MK,MKD,Country name,
Republic of the Congo,Congo Brazzaville,CG,COG,Country name,
Reunion,Reunion,RE,REU,Country name,
Réunion,Reunion,RE,REU,Country name,
Romania,Romania,RO,ROU,Country name,
Russia,Russia,RU,RUS,Country name,
Russian Federation,Russia,RU,RUS,Country name,
Rwanda,Rwanda,RW,RWA,Country name,
S. Korea,South Korea,KP,PRK,Country name,
Saba,Bonaire,BQ,BES,Country name,
Sahrawi Arab Democratic Republic,Western Sahara,EH,ESH,Country name,
Saint Barthelemy,Saint Barthelemy,BL,BLM,Country name,
Saint Barthélemy,Saint Barthelemy,BL,BLM,Country name,
Saint Helena,Saint Helena,SH,SHN,Country name,
"Saint Helena, Ascension and Tristan da Cunha",Saint Helena,SH,SHN,Country name,
Saint Kitts & Nevis,Saint Kitts and Nevis,KN,KNA,Country name,
Saint Kitts and Nevis,Saint Kitts and Nevis,KN,KNA,Country name,
Saint Lucia,Saint Lucia,LC,LCA,Country name,
Saint Martin,Saint Martin,MF,MAF,Country name,
Saint Pierre & Miquelon,Saint Pierre and Miquelon,PM,SPM,Country name,
Saint Pierre and Miquelon,Saint Pierre and Miquelon,PM,SPM,Country name,
Saint Pierre Miquelon,Saint Pierre and Miquelon,PM,SPM,Country name,
Saint Vincent and the Grenadines,Saint Vincent and the Grenadines,VC,VCT,Country name,
Samoa,Samoa,WS,WSM,Country name,
San Marino,San Marino,SM,SMR,Country name,
Sao Tome & Principe,Sao Tome and Principe,ST,STP,Country name,
Sao Tome and Principe,Sao Tome and Principe,ST,STP,Country name,
Saudi Arabia,Saudi Arabia,SA,SAU,Country name,
Scotland,United Kingdom,GB,GBR,Country name,
Senegal,Senegal,SN,SEN,Country name,
Serbia,Serbia,RS,SRB,Country name,
Seychelles,Seychelles,SC,SYC,Country name,
Sierra Leone,Sierra Leone,SL,SLE,Country name,
Singapore,Singapore,SG,SGP,Country name,
Sint Eustatius,Bonaire,BQ,BES,Country name,
Sint Maarten,Sint Maarten,SX,SXM,Country name,
Slovakia,Slovakia,SK,SVK,Country name,
Slovenia,Slovenia,SI,SVN,Country name,
Slovensko,Slovakia,SK,SVK,Country name,
Solomon Islands,Solomon Islands,SB,SLB,Country name,
Somalia,Somalia,SO,SOM,Country name,
South Africa,South Africa,ZA,ZAF,Country name,
South Georgia and the South Sandwich Islands,South Georgia and the South Sandwich Islands,GS,SGS,Country name,
South Korea,South Korea,KP,PRK,Country name,
South Sudan,South Sudan,SS,SSD,Country name,
Spain,Spain,ES,ESP,Country name,
Sri Lanka,Sri Lanka,LK,LKA,Country name,
St. Barth,Saint Barthelemy,BL,BLM,Country name,
St. Martin,Saint Martin,MF,MAF,Country name,
St. Vincent & Grenadines,Saint Vincent and the Grenadines,VC,VCT,Country name,
St. Vincent Grenadines,Saint Vincent and the Grenadines,VC,VCT,Country name,
State of Palestine,Palestine,PS,PSE,Country name,
Sudan,Sudan,SD,SDN,Country name,
Suriname,Suriname,SR,SUR,Country name,
Svalbard,Svalbard,SJ,SJM,Country name,
Svalbard and Jan Mayen,Svalbard,SJ,SJM,Country name,
Swaziland,Eswatini,SZ,SWZ,Country name,
Sweden,Sweden,SE,SWE,Country name,
Switzerland,Switzerland,CH,CHE,Country name,
Syria,Syrian Arab Republic,SY,SYR,Country name,
Syrian Arab Republic,Syrian Arab Republic,SY,SYR,Country name,
Taipei and environs,Taiwan,TW,TWN,Country name,
Taiwan,Taiwan,TW,TWN,Country name,
"Taiwan China, The Republic of",Taiwan,TW,TWN,Country name,
Taiwan*,Taiwan,TW,TWN,Country name,
Tajikistan,Tajikistan,TJ,TJK,Country name,
Tanzania,"Tanzania, the United Republic of",TZ,TZA,Country name,
"Tanzania, the United Republic of","Tanzania, the United Republic of",TZ,TZA,Country name,
"Tanzania, United Republic of","Tanzania, the United Republic of",TZ,TZA,Country name,
Thailand,Thailand,TH,THA,Country name,
The Arab Republic of Egypt,Egypt,EG,EGY,Country name,
the Arab Republic of Egypt,Egypt,EG,EGY,Country name,
The Argentine Republic,Argentina,AR,ARG,Country name,
the Argentine Republic,Argentina,AR,ARG,Country name,
The Bahamas,Bahamas,BS,BHS,Country name,
the Bahamas,Bahamas,BS,BHS,Country name,
The Bailiwick of Guernsey,Guernsey,GG,GGY,Country name,
the Bailiwick of Guernsey,Guernsey,GG,GGY,Country name,
The Bailiwick of Jersey,Jersey,JE,JEY,Country name,
the Bailiwick of Jersey,Jersey,JE,JEY,Country name,
The Bolivarian Republic of Venezuela,Venezuela,VE,VEN,Country name,
the Bolivarian Republic of Venezuela,Venezuela,VE,VEN,Country name,
The British Indian Ocean Territory,British Indian Ocean Territory,IO,IOT,Country name,
the British Indian Ocean Territory,British Indian Ocean Territory,IO,IOT,Country name,
The Cayman Islands,Cayman Islands,KY,CYM,Country name,
the Cayman Islands,Cayman Islands,KY,CYM,Country name,
The Central African Republic,Central African Republic,CF,CAF,Country name,
the Central African Republic,Central African Republic,CF,CAF,Country name,
The Cocos Keeling Islands Cocos,Cocos,CC,CCK,Country name,
the Cocos Keeling Islands Cocos,Cocos,CC,CCK,Country name,
The Collectivity of Saint-Barthélemy,Saint Barthelemy,BL,BLM,Country name,
the Collectivity of Saint-Barthélemy,Saint Barthelemy,BL,BLM,Country name,
The Collectivity of Saint-Martin,Saint Martin,MF,MAF,Country name,
the Collectivity of Saint-Martin,Saint Martin,MF,MAF,Country name,
The Commonwealth of Australia,Australia,AU,AUS,Country name,
the Commonwealth of Australia,Australia,AU,AUS,Country name,
The Commonwealth of Dominica,Dominica,DM,DMA,Country name,
the Commonwealth of Dominica,Dominica,DM,DMA,Country name,
The Commonwealth of Puerto Rico,Puerto Rico,PR,PRI,Country name,
the Commonwealth of Puerto Rico,Puerto Rico,PR,PRI,Country name,
The Commonwealth of The Bahamas,Bahamas,BS,BHS,Country name,
the Commonwealth of the Bahamas,Bahamas,BS,BHS,Country name,
The Commonwealth of The NorThern Mariana Islands,Northern Mariana Islands,MP,MNP,Country name,
the Commonwealth of the Northern Mariana Islands,Northern Mariana Islands,MP,MNP,Country name,
The Comoros,Comoros,KM,COM,Country name,
the Comoros,Comoros,KM,COM,Country name,
The Congo,Congo Brazzaville,CG,COG,Country name,Mismatch possible
the Congo,Congo Brazzaville,CG,COG,Country name,Mismatch possible
The Cook Islands,Cook Islands,CK,COK,Country name,
the Cook Islands,Cook Islands,CK,COK,Country name,
The Co-operative Republic of Guyana,Guyana,GY,GUY,Country name,
the Co-operative Republic of Guyana,Guyana,GY,GUY,Country name,
The Country of Curaçao,Curacao,CW,CUW,Country name,
the Country of Curaçao,Curacao,CW,CUW,Country name,
The Czech Republic,Czechia,CZ,CZE,Country name,
the Czech Republic,Czechia,CZ,CZE,Country name,
The Democratic People's Republic of Korea,South Korea,KP,PRK,Country name,
the Democratic People's Republic of Korea,South Korea,KP,PRK,Country name,
The Democratic Republic of S?o Tomé and Príncipe,Sao Tome and Principe,ST,STP,Country name,
the Democratic Republic of S?o Tomé and Príncipe,Sao Tome and Principe,ST,STP,Country name,
The Democratic Republic of The Congo,Congo Kinshasa,CD,COD,Country name,
the Democratic Republic of the Congo,Congo Kinshasa,CD,COD,Country name,
The Democratic Republic of Timor-Leste,Timor Leste,TL,TLS,Country name,
the Democratic Republic of Timor-Leste,Timor Leste,TL,TLS,Country name,
The Democratic Socialist Republic of Sri Lanka,Sri Lanka,LK,LKA,Country name,
the Democratic Socialist Republic of Sri Lanka,Sri Lanka,LK,LKA,Country name,
The Department of Mayotte,Mayotte,YT,MYT,Country name,
the Department of Mayotte,Mayotte,YT,MYT,Country name,
The Dominican Republic,Dominican Republic,DO,DOM,Country name,
the Dominican Republic,Dominican Republic,DO,DOM,Country name,
The Falkland Islands,Falkland Islands,FK,FLK,Country name,
the Falkland Islands,Falkland Islands,FK,FLK,Country name,
The Faroe Islands,Faroe Islands,FO,FRO,Country name,
the Faroe Islands,Faroe Islands,FO,FRO,Country name,
The Federal Democratic Republic of Ethiopia,Ethiopia,ET,ETH,Country name,
the Federal Democratic Republic of Ethiopia,Ethiopia,ET,ETH,Country name,
The Federal Democratic Republic of Nepal,Nepal,NP,NPL,Country name,
the Federal Democratic Republic of Nepal,Nepal,NP,NPL,Country name,
The Federal Republic of Germany,Germany,DE,DEU,Country name,
the Federal Republic of Germany,Germany,DE,DEU,Country name,
The Federal Republic of Nigeria,Nigeria,NG,NGA,Country name,
the Federal Republic of Nigeria,Nigeria,NG,NGA,Country name,
The Federal Republic of Somalia,Somalia,SO,SOM,Country name,
the Federal Republic of Somalia,Somalia,SO,SOM,Country name,
The Federated States of Micronesia,Micronesia,FM,FSM,Country name,
the Federated States of Micronesia,Micronesia,FM,FSM,Country name,
The Federative Republic of Brazil,Brazil,BR,BRA,Country name,
the Federative Republic of Brazil,Brazil,BR,BRA,Country name,
The French Republic,France,FR,FRA,Country name,
the French Republic,France,FR,FRA,Country name,
The French SouThern and Antarctic Lands,French Southern Territories,TF,ATF,Country name,
the French Southern and Antarctic Lands,French Southern Territories,TF,ATF,Country name,
The French SouThern Territories,French Southern Territories,TF,ATF,Country name,
the French Southern Territories,French Southern Territories,TF,ATF,Country name,
The Gabonese Republic,Gabon,GA,GAB,Country name,
the Gabonese Republic,Gabon,GA,GAB,Country name,
The Gambia,Gambia,GM,GMB,Country name,
the Gambia,Gambia,GM,GMB,Country name,
The Grand Duchy of Luxembourg,Luxembourg,LU,LUX,Country name,
the Grand Duchy of Luxembourg,Luxembourg,LU,LUX,Country name,
The Great Britain,United Kingdom,GB,GBR,Country name,
the Great Britain,United Kingdom,GB,GBR,Country name,
The Hashemite Kingdom of Jordan,Jordan,JO,JOR,Country name,
the Hashemite Kingdom of Jordan,Jordan,JO,JOR,Country name,
The Hellenic Republic,Greece,GR,GRC,Country name,
the Hellenic Republic,Greece,GR,GRC,Country name,
The Holy See,Vatican City,VA,VAT,Country name,
the Holy See,Vatican City,VA,VAT,Country name,
The Hong Kong Special Administrative Region of China,Hong Kong,HK,HKG,Country name,
the Hong Kong Special Administrative Region of China,Hong Kong,HK,HKG,Country name,
The Independent State of Papua New Guinea,Papua New Guinea,PG,PNG,Country name,
the Independent State of Papua New Guinea,Papua New Guinea,PG,PNG,Country name,
The Independent State of Samoa,Samoa,WS,WSM,Country name,
the Independent State of Samoa,Samoa,WS,WSM,Country name,
The Islamic Republic of Afghanistan,Afghanistan,AF,AFG,Country name,
the Islamic Republic of Afghanistan,Afghanistan,AF,AFG,Country name,
The Islamic Republic of Iran,Iran,IR,IRN,Country name,
the Islamic Republic of Iran,Iran,IR,IRN,Country name,
The Islamic Republic of Mauritania,Mauritania,MR,MRT,Country name,
the Islamic Republic of Mauritania,Mauritania,MR,MRT,Country name,
The Islamic Republic of Pakistan,Pakistan,PK,PAK,Country name,
the Islamic Republic of Pakistan,Pakistan,PK,PAK,Country name,
The Isle of Man,Isle of Man,IM,IMN,Country name,
the Isle of Man,Isle of Man,IM,IMN,Country name,
The Italian Republic,Italy,IT,ITA,Country name,
the Italian Republic,Italy,IT,ITA,Country name,
The Kingdom of Bahrain,Bahrain,BH,BHR,Country name,
the Kingdom of Bahrain,Bahrain,BH,BHR,Country name,
The Kingdom of Belgium,Belgium,BE,BEL,Country name,
the Kingdom of Belgium,Belgium,BE,BEL,Country name,
The Kingdom of Bhutan,Bhutan,BT,BTN,Country name,
the Kingdom of Bhutan,Bhutan,BT,BTN,Country name,
The Kingdom of Cambodia,Cambodia,KH,KHM,Country name,
the Kingdom of Cambodia,Cambodia,KH,KHM,Country name,
The Kingdom of Denmark,Denmark,DK,DNK,Country name,
the Kingdom of Denmark,Denmark,DK,DNK,Country name,
The Kingdom of Eswatini,Eswatini,SZ,SWZ,Country name,
the Kingdom of Eswatini,Eswatini,SZ,SWZ,Country name,
The Kingdom of Lesotho,Lesotho,LS,LSO,Country name,
the Kingdom of Lesotho,Lesotho,LS,LSO,Country name,
The Kingdom of Morocco,Morocco,MA,MAR,Country name,
the Kingdom of Morocco,Morocco,MA,MAR,Country name,
The Kingdom of Norway,Norway,NO,NOR,Country name,
the Kingdom of Norway,Norway,NO,NOR,Country name,
The Kingdom of Saudi Arabia,Saudi Arabia,SA,SAU,Country name,
the Kingdom of Saudi Arabia,Saudi Arabia,SA,SAU,Country name,
The Kingdom of Spain,Spain,ES,ESP,Country name,
the Kingdom of Spain,Spain,ES,ESP,Country name,
The Kingdom of Sweden,Sweden,SE,SWE,Country name,
the Kingdom of Sweden,Sweden,SE,SWE,Country name,
The Kingdom of Thailand,Thailand,TH,THA,Country name,
the Kingdom of Thailand,Thailand,TH,THA,Country name,
The Kingdom of The Netherlands,Netherlands,NL,NLD,Country name,
the Kingdom of the Netherlands,Netherlands,NL,NLD,Country name,
The Kingdom of Tonga,Tonga,TO,TON,Country name,
the Kingdom of Tonga,Tonga,TO,TON,Country name,
The Kyrgyz Republic,Kyrgyzstan,KG,KGZ,Country name,
the Kyrgyz Republic,Kyrgyzstan,KG,KGZ,Country name,
The Lao People's Democratic Republic,Laos,LA,LAO,Country name,
the Lao People's Democratic Republic,Laos,LA,LAO,Country name,
The Lebanese Republic,Lebanon,LB,LBN,Country name,
the Lebanese Republic,Lebanon,LB,LBN,Country name,
The Marshall Islands,Marshall Islands,MH,MHL,Country name,
the Marshall Islands,Marshall Islands,MH,MHL,Country name,
"The Nation of Brunei, The Abode of Peace",Brunei,BN,BRN,Country name,
"the Nation of Brunei, the Abode of Peace",Brunei,BN,BRN,Country name,
The Netherlands,Netherlands,NL,NLD,Country name,
the Netherlands,Netherlands,NL,NLD,Country name,
The Netherlands Antilles,Netherlands Antilles,AN,ANT,Country name,
the Netherlands Antilles,Netherlands Antilles,AN,ANT,Country name,
The Niger,Niger,NE,NER,Country name,
the Niger,Niger,NE,NER,Country name,
The NorThern Mariana Islands,Northern Mariana Islands,MP,MNP,Country name,
the Northern Mariana Islands,Northern Mariana Islands,MP,MNP,Country name,
The Oriental Republic of Uruguay,Uruguay,UY,URY,Country name,
the Oriental Republic of Uruguay,Uruguay,UY,URY,Country name,
The Overseas Collectivity of Saint-Pierre and Miquelon,Saint Pierre and Miquelon,PM,SPM,Country name,
the Overseas Collectivity of Saint-Pierre and Miquelon,Saint Pierre and Miquelon,PM,SPM,Country name,
The People's Democratic Republic of Algeria,Algeria,DZ,DZA,Country name,
the People's Democratic Republic of Algeria,Algeria,DZ,DZA,Country name,
The People's Republic of Bangladesh,Bangladesh,BD,BGD,Country name,
the People's Republic of Bangladesh,Bangladesh,BD,BGD,Country name,
The People's Republic of China,China,CN,CHN,Country name,
the People's Republic of China,China,CN,CHN,Country name,
The Philippines,Philippines,PH,PHL,Country name,
the Philippines,Philippines,PH,PHL,Country name,
"The Pitcairn, Henderson, Ducie and Oeno Islands",Pitcairn,PN,PCN,Country name,
"the Pitcairn, Henderson, Ducie and Oeno Islands",Pitcairn,PN,PCN,Country name,
The Plurinational State of Bolivia,Bolivia,BO,BOL,Country name,
the Plurinational State of Bolivia,Bolivia,BO,BOL,Country name,
The Portuguese Republic,Portugal,PT,PRT,Country name,
the Portuguese Republic,Portugal,PT,PRT,Country name,
The Principality of Andorra,Andorra,AD,AND,Country name,
the Principality of Andorra,Andorra,AD,AND,Country name,
The Principality of Liechtenstein,Liechtenstein,LI,LIE,Country name,
the Principality of Liechtenstein,Liechtenstein,LI,LIE,Country name,
The Principality of Monaco,Monaco,MC,MCO,Country name,
the Principality of Monaco,Monaco,MC,MCO,Country name,
The Republic of Albania,Albania,AL,ALB,Country name,
the Republic of Albania,Albania,AL,ALB,Country name,
The Republic of Angola,Angola,AO,AGO,Country name,
the Republic of Angola,Angola,AO,AGO,Country name,
The Republic of Armenia,Armenia,AM,ARM,Country name,
the Republic of Armenia,Armenia,AM,ARM,Country name,
The Republic of Austria,Austria,AT,AUT,Country name,
the Republic of Austria,Austria,AT,AUT,Country name,
The Republic of Azerbaijan,Azerbaijan,AZ,AZE,Country name,
the Republic of Azerbaijan,Azerbaijan,AZ,AZE,Country name,
The Republic of Belarus,Belarus,BY,BLR,Country name,
the Republic of Belarus,Belarus,BY,BLR,Country name,
The Republic of Benin,Benin,BJ,BEN,Country name,
the Republic of Benin,Benin,BJ,BEN,Country name,
The Republic of Botswana,Botswana,BW,BWA,Country name,
the Republic of Botswana,Botswana,BW,BWA,Country name,
The Republic of Bulgaria,Bulgaria,BG,BGR,Country name,
the Republic of Bulgaria,Bulgaria,BG,BGR,Country name,
The Republic of Burundi,Burundi,BI,BDI,Country name,
the Republic of Burundi,Burundi,BI,BDI,Country name,
The Republic of Cabo Verde,Cabo Verde?,CV,CPV,Country name,
the Republic of Cabo Verde,Cabo Verde?,CV,CPV,Country name,
The Republic of Cameroon,Cameroon,CM,CMR,Country name,
the Republic of Cameroon,Cameroon,CM,CMR,Country name,
The Republic of Colombia,Colombia,CO,COL,Country name,
the Republic of Colombia,Colombia,CO,COL,Country name,
The Republic of Costa Rica,Costa Rica,CR,CRI,Country name,
the Republic of Costa Rica,Costa Rica,CR,CRI,Country name,
The Republic of Côte d'Ivoire,Cote d'Ivoire,CI,CIV,Country name,
the Republic of Côte d'Ivoire,Cote d'Ivoire,CI,CIV,Country name,
The Republic of Croatia,Croatia,HR,HRV,Country name,
the Republic of Croatia,Croatia,HR,HRV,Country name,
The Republic of Cuba,Cuba,CU,CUB,Country name,
the Republic of Cuba,Cuba,CU,CUB,Country name,
The Republic of Cyprus,Cyprus,CY,CYP,Country name,
the Republic of Cyprus,Cyprus,CY,CYP,Country name,
The Republic of Djibouti,Djibouti,DJ,DJI,Country name,
the Republic of Djibouti,Djibouti,DJ,DJI,Country name,
The Republic of Ecuador,Ecuador,EC,ECU,Country name,
the Republic of Ecuador,Ecuador,EC,ECU,Country name,
The Republic of El Salvador,El Salvador,SV,SLV,Country name,
the Republic of El Salvador,El Salvador,SV,SLV,Country name,
The Republic of Equatorial Guinea,Equatorial Guinea,GQ,GNQ,Country name,
the Republic of Equatorial Guinea,Equatorial Guinea,GQ,GNQ,Country name,
The Republic of Estonia,Estonia,EE,EST,Country name,
the Republic of Estonia,Estonia,EE,EST,Country name,
The Republic of Fiji,Fiji,FJ,FJI,Country name,
the Republic of Fiji,Fiji,FJ,FJI,Country name,
The Republic of Finland,Finland,FI,FIN,Country name,
the Republic of Finland,Finland,FI,FIN,Country name,
The Republic of Ghana,Ghana,GH,GHA,Country name,
the Republic of Ghana,Ghana,GH,GHA,Country name,
The Republic of Guatemala,Guatemala,GT,GTM,Country name,
the Republic of Guatemala,Guatemala,GT,GTM,Country name,
The Republic of Guinea,Guinea,GN,GIN,Country name,
the Republic of Guinea,Guinea,GN,GIN,Country name,
The Republic of Guinea-Bissau,Guinea Bissau,GW,GNB,Country name,
the Republic of Guinea-Bissau,Guinea Bissau,GW,GNB,Country name,
The Republic of Haiti,Haiti,HT,HTI,Country name,
the Republic of Haiti,Haiti,HT,HTI,Country name,
The Republic of Honduras,Honduras,HN,HND,Country name,
the Republic of Honduras,Honduras,HN,HND,Country name,
The Republic of Chad,Chad,TD,TCD,Country name,
the Republic of Chad,Chad,TD,TCD,Country name,
The Republic of Chile,Chile,CL,CHL,Country name,
the Republic of Chile,Chile,CL,CHL,Country name,
The Republic of China,Taiwan,TW,TWN,Country name,
the Republic of China,Taiwan,TW,TWN,Country name,
The Republic of India,India,IN,IND,Country name,
the Republic of India,India,IN,IND,Country name,
The Republic of Indonesia,Indonesia,ID,IDN,Country name,
the Republic of Indonesia,Indonesia,ID,IDN,Country name,
The Republic of Iraq,Iraq,IQ,IRQ,Country name,
the Republic of Iraq,Iraq,IQ,IRQ,Country name,
The Republic of Kazakhstan,Kazakhstan,KZ,KAZ,Country name,
the Republic of Kazakhstan,Kazakhstan,KZ,KAZ,Country name,
The Republic of Kenya,Kenya,KE,KEN,Country name,
the Republic of Kenya,Kenya,KE,KEN,Country name,
The Republic of Kiribati,Kiribati,KI,KIR,Country name,
the Republic of Kiribati,Kiribati,KI,KIR,Country name,
The Republic of Korea,North Korea,KR,KOR,Country name,
the Republic of Korea,North Korea,KR,KOR,Country name,
The Republic of Kosovo,Kosovo,XK,XKX,Country name,
the Republic of Kosovo,Kosovo,XK,XKX,Country name,
The Republic of Latvia,Latvia,LV,LVA,Country name,
the Republic of Latvia,Latvia,LV,LVA,Country name,
The Republic of Liberia,Liberia,LR,LBR,Country name,
the Republic of Liberia,Liberia,LR,LBR,Country name,
The Republic of Lithuania,Lithuania,LT,LTU,Country name,
the Republic of Lithuania,Lithuania,LT,LTU,Country name,
The Republic of Madagascar,Madagascar,MG,MDG,Country name,
the Republic of Madagascar,Madagascar,MG,MDG,Country name,
The Republic of Malawi,Malawi,MW,MWI,Country name,
the Republic of Malawi,Malawi,MW,MWI,Country name,
The Republic of Maldives,Maldives,MV,MDV,Country name,
the Republic of Maldives,Maldives,MV,MDV,Country name,
The Republic of Mali,Mali,ML,MLI,Country name,
the Republic of Mali,Mali,ML,MLI,Country name,
The Republic of Malta,Malta,MT,MLT,Country name,
the Republic of Malta,Malta,MT,MLT,Country name,
The Republic of Mauritius,Mauritius,MU,MUS,Country name,
the Republic of Mauritius,Mauritius,MU,MUS,Country name,
The Republic of Moldova,Moldova,MD,MDA,Country name,
the Republic of Moldova,Moldova,MD,MDA,Country name,
The Republic of Mozambique,Mozambique,MZ,MOZ,Country name,
the Republic of Mozambique,Mozambique,MZ,MOZ,Country name,
The Republic of Namibia,Namibia,NA,NAM,Country name,
the Republic of Namibia,Namibia,NA,NAM,Country name,
The Republic of Nauru,Nauru,NR,NRU,Country name,
the Republic of Nauru,Nauru,NR,NRU,Country name,
The Republic of Nicaragua,Nicaragua,NI,NIC,Country name,
the Republic of Nicaragua,Nicaragua,NI,NIC,Country name,
The Republic of Palau,Palau,PW,PLW,Country name,
the Republic of Palau,Palau,PW,PLW,Country name,
The Republic of Panamá,Panama,PA,PAN,Country name,
the Republic of Panamá,Panama,PA,PAN,Country name,
The Republic of Paraguay,Paraguay,PY,PRY,Country name,
the Republic of Paraguay,Paraguay,PY,PRY,Country name,
The Republic of Perú,Peru,PE,PER,Country name,
the Republic of Perú,Peru,PE,PER,Country name,
The Republic of Poland,Poland,PL,POL,Country name,
the Republic of Poland,Poland,PL,POL,Country name,
The Republic of Rwanda,Rwanda,RW,RWA,Country name,
the Republic of Rwanda,Rwanda,RW,RWA,Country name,
The Republic of San Marino,San Marino,SM,SMR,Country name,
the Republic of San Marino,San Marino,SM,SMR,Country name,
The Republic of Senegal,Senegal,SN,SEN,Country name,
the Republic of Senegal,Senegal,SN,SEN,Country name,
The Republic of Serbia,Serbia,RS,SRB,Country name,
the Republic of Serbia,Serbia,RS,SRB,Country name,
The Republic of Seychelles,Seychelles,SC,SYC,Country name,
the Republic of Seychelles,Seychelles,SC,SYC,Country name,
The Republic of Sierra Leone,Sierra Leone,SL,SLE,Country name,
the Republic of Sierra Leone,Sierra Leone,SL,SLE,Country name,
The Republic of Singapore,Singapore,SG,SGP,Country name,
the Republic of Singapore,Singapore,SG,SGP,Country name,
The Republic of Slovenia,Slovenia,SI,SVN,Country name,
the Republic of Slovenia,Slovenia,SI,SVN,Country name,
The Republic of South Africa,South Africa,ZA,ZAF,Country name,
the Republic of South Africa,South Africa,ZA,ZAF,Country name,
The Republic of South Sudan,South Sudan,SS,SSD,Country name,
the Republic of South Sudan,South Sudan,SS,SSD,Country name,
The Republic of Suriname,Suriname,SR,SUR,Country name,
the Republic of Suriname,Suriname,SR,SUR,Country name,
The Republic of Tajikistan,Tajikistan,TJ,TJK,Country name,
the Republic of Tajikistan,Tajikistan,TJ,TJK,Country name,
The Republic of The Congo,Congo Brazzaville,CG,COG,Country name,
the Republic of the Congo,Congo Brazzaville,CG,COG,Country name,
The Republic of The Gambia,Gambia,GM,GMB,Country name,
the Republic of the Gambia,Gambia,GM,GMB,Country name,
The Republic of The Marshall Islands,Marshall Islands,MH,MHL,Country name,
the Republic of the Marshall Islands,Marshall Islands,MH,MHL,Country name,
The Republic of The Niger,Niger,NE,NER,Country name,
the Republic of the Niger,Niger,NE,NER,Country name,
The Republic of The Philippines,Philippines,PH,PHL,Country name,
the Republic of the Philippines,Philippines,PH,PHL,Country name,
The Republic of The Sudan,Sudan,SD,SDN,Country name,
the Republic of the Sudan,Sudan,SD,SDN,Country name,
The Republic of The Union of Myanmar,Myanmar,MM,MMR,Country name,
the Republic of the Union of Myanmar,Myanmar,MM,MMR,Country name,
The Republic of Trinidad and Tobago,Trinidad and Tobago,TT,TTO,Country name,
the Republic of Trinidad and Tobago,Trinidad and Tobago,TT,TTO,Country name,
The Republic of Tunisia,Tunisia,TN,TUN,Country name,
the Republic of Tunisia,Tunisia,TN,TUN,Country name,
The Republic of Turkey,Turkey,TR,TUR,Country name,
the Republic of Turkey,Turkey,TR,TUR,Country name,
The Republic of Uganda,Uganda,UG,UGA,Country name,
the Republic of Uganda,Uganda,UG,UGA,Country name,
The Republic of Uzbekistan,Uzbekistan,UZ,UZB,Country name,
the Republic of Uzbekistan,Uzbekistan,UZ,UZB,Country name,
The Republic of Vanuatu,Vanuatu,VU,VUT,Country name,
the Republic of Vanuatu,Vanuatu,VU,VUT,Country name,
The Republic of Yemen,Yemen,YE,YEM,Country name,
the Republic of Yemen,Yemen,YE,YEM,Country name,
The Republic of Zambia,Zambia,ZM,ZMB,Country name,
the Republic of Zambia,Zambia,ZM,ZMB,Country name,
The Republic of Zimbabwe,Zimbabwe,ZW,ZWE,Country name,
the Republic of Zimbabwe,Zimbabwe,ZW,ZWE,Country name,
The Russian Federation,Russia,RU,RUS,Country name,
the Russian Federation,Russia,RU,RUS,Country name,
The Sahrawi Arab Democratic Republic,Western Sahara,EH,ESH,Country name,
the Sahrawi Arab Democratic Republic,Western Sahara,EH,ESH,Country name,
The Slovak Republic,Slovakia,SK,SVK,Country name,
the Slovak Republic,Slovakia,SK,SVK,Country name,
The Socialist Republic of Viet Nam,Vietnam,VN,VNM,Country name,
the Socialist Republic of Viet Nam,Vietnam,VN,VNM,Country name,
The Solomon Islands,Solomon Islands,SB,SLB,Country name,
the Solomon Islands,Solomon Islands,SB,SLB,Country name,
The State of Eritrea,Eritrea,ER,ERI,Country name,
the State of Eritrea,Eritrea,ER,ERI,Country name,
The State of Israel,Israel,IL,ISR,Country name,
the State of Israel,Israel,IL,ISR,Country name,
The State of Kuwait,Kuwait,KW,KWT,Country name,
the State of Kuwait,Kuwait,KW,KWT,Country name,
The State of Libya,Libya,LY,LBY,Country name,
the State of Libya,Libya,LY,LBY,Country name,
The State of Mongolia,Mongolia,MN,MNG,Country name,
the State of Mongolia,Mongolia,MN,MNG,Country name,
The State of Palestine,Palestine,PS,PSE,Country name,
the State of Palestine,Palestine,PS,PSE,Country name,
The State of Qatar,Qatar,QA,QAT,Country name,
the State of Qatar,Qatar,QA,QAT,Country name,
The Sudan,Sudan,SD,SDN,Country name,
the Sudan,Sudan,SD,SDN,Country name,
The Sultanate of Oman,Oman,OM,OMN,Country name,
the Sultanate of Oman,Oman,OM,OMN,Country name,
The Swiss Confederation,Switzerland,CH,CHE,Country name,
the Swiss Confederation,Switzerland,CH,CHE,Country name,
The Syrian Arab Republic,Syrian Arab Republic,SY,SYR,Country name,
the Syrian Arab Republic,Syrian Arab Republic,SY,SYR,Country name,
The Territory of American Samoa,American Samoa,AS,ASM,Country name,
the Territory of American Samoa,American Samoa,AS,ASM,Country name,
The Territory of Cocos (Keeling) Islands,Cocos,CC,CCK,Country name,
the Territory of Cocos (Keeling) Islands,Cocos,CC,CCK,Country name,
The Territory of Guam,Guam,GU,GUM,Country name,
the Territory of Guam,Guam,GU,GUM,Country name,
The Territory of Heard Island and McDonald Islands,Heard Island and McDonald Islands,HM,HMD,Country name,
the Territory of Heard Island and McDonald Islands,Heard Island and McDonald Islands,HM,HMD,Country name,
The Territory of Christmas Island,Christmas Island,CX,CXR,Country name,
the Territory of Christmas Island,Christmas Island,CX,CXR,Country name,
The Territory of Norfolk Island,Norfolk Island,NF,NFK,Country name,
the Territory of Norfolk Island,Norfolk Island,NF,NFK,Country name,
The Territory of The Wallis and Futuna Islands,Wallis and Futuna,WF,WLF,Country name,
the Territory of the Wallis and Futuna Islands,Wallis and Futuna,WF,WLF,Country name,
The Togolese Republic,Togo,TG,TGO,Country name,
the Togolese Republic,Togo,TG,TGO,Country name,
The Turks and Caicos Islands,Turks and Caicos Islands,TC,TCA,Country name,
the Turks and Caicos Islands,Turks and Caicos Islands,TC,TCA,Country name,
The Union of The Comoros,Comoros,KM,COM,Country name,
the Union of the Comoros,Comoros,KM,COM,Country name,
The United Arab Emirates,United Arab Emirates,AE,ARE,Country name,
the United Arab Emirates,United Arab Emirates,AE,ARE,Country name,
The United Kingdom of Great Britain and NorThern Ireland,United Kingdom,GB,GBR,Country name,
the United Kingdom of Great Britain and Northern Ireland,United Kingdom,GB,GBR,Country name,
The United Mexican States,Mexico,MX,MEX,Country name,
the United Mexican States,Mexico,MX,MEX,Country name,
The United Republic of Tanzania,"Tanzania, the United Republic of",TZ,TZA,Country name,
the United Republic of Tanzania,"Tanzania, the United Republic of",TZ,TZA,Country name,
The United States Minor Outlying Islands,United States Minor Outlying Islands,UM,UMI,Country name,
the United States Minor Outlying Islands,United States Minor Outlying Islands,UM,UMI,Country name,
The United States of America,USA,US,USA,Country name,
the United States of America,USA,US,USA,Country name,
The Virgin Islands,Virgin Islands,VG,VGB,Country name,
the Virgin Islands,Virgin Islands,VG,VGB,Country name,
The Virgin Islands of The United States,Virgin Islands,VI,VIR,Country name,
the Virgin Islands of the United States,Virgin Islands,VI,VIR,Country name,
Timor Leste,Timor Leste,TL,TLS,Country name,
Timor-Leste,Timor Leste,TL,TLS,Country name,
Togo,Togo,TG,TGO,Country name,
Tokelau,Tokelau,TK,TKL,Country name,
Tonga,Tonga,TO,TON,Country name,
Trinidad and Tobago,Trinidad and Tobago,TT,TTO,Country name,
Tunisia,Tunisia,TN,TUN,Country name,
Turkey,Turkey,TR,TUR,Country name,
Turkmenistan,Turkmenistan,TM,TKM,Country name,
Turks and Caicos,Turks and Caicos Islands,TC,TCA,Country name,
Turks and Caicos Islands,Turks and Caicos Islands,TC,TCA,Country name,
Tuvalu,Tuvalu,TV,TUV,Country name,
U.S.,USA,US,USA,Country name,
U.S. Virgin Islands,Virgin Islands,VI,VIR,Country name,
U.S.A.,USA,US,USA,Country name,
UAE,United Arab Emirates,AE,ARE,Country name,
Uganda,Uganda,UG,UGA,Country name,
UK,United Kingdom,GB,GBR,Country name,
Ukraine,Ukraine,UA,UKR,Country name,
United Arab Emirates,United Arab Emirates,AE,ARE,Country name,
United Kingdom,United Kingdom,GB,GBR,Country name,
United Kingdom of Great Britain and Northern Ireland,United Kingdom,GB,GBR,Country name,
United States,USA,US,USA,Country name,
United States Minor Outlying Islands,United States Minor Outlying Islands,UM,UMI,Country name,
United States of America,USA,US,USA,Country name,
United States Virgin Islands,Virgin Islands,VG,VGB,Country name,
Uruguay,Uruguay,UY,URY,Country name,
US,USA,US,USA,Country name,
USA,USA,US,USA,Country name,
Uzbekistan,Uzbekistan,UZ,UZB,Country name,
Vanuatu,Vanuatu,VU,VUT,Country name,
Vatican City,Vatican City,VA,VAT,Country name,
Venezuela,Venezuela,VE,VEN,Country name,
"Venezuela, Bolivarian Republic of",Venezuela,VE,VEN,Country name,
Viet Nam,Vietnam,VN,VNM,Country name,
Vietnam,Vietnam,VN,VNM,Country name,
Virgin Islands,Virgin Islands,VG,VGB,Country name,
Wales,United Kingdom,GB,GBR,Country name,
Wallis & Futuna,Wallis and Futuna,WF,WLF,Country name,
Wallis and Futuna,Wallis and Futuna,WF,WLF,Country name,
West Bank and Gaza,West Bank and Gaza,PS,PSE,Country name,
Western Sahara,Western Sahara,EH,ESH,Country name,
Yemen,Yemen,YE,YEM,Country name,
Zambia,Zambia,ZM,ZMB,Country name,
Zimbabwe,Zimbabwe,ZW,ZWE,Country name,
ABW,Aruba,AW,ABW,3char ISO code,
AFG,Afghanistan,AF,AFG,3char ISO code,
AGO,Angola,AO,AGO,3char ISO code,
AIA,Anguilla,AI,AIA,3char ISO code,
ALA,Aland Islands,AX,ALA,3char ISO code,
ALB,Albania,AL,ALB,3char ISO code,
AND,Andorra,AD,AND,3char ISO code,
ANT,Netherlands Antilles,AN,ANT,3char ISO code,
ARE,United Arab Emirates,AE,ARE,3char ISO code,
ARG,Argentina,AR,ARG,3char ISO code,
ARM,Armenia,AM,ARM,3char ISO code,
ASM,American Samoa,AS,ASM,3char ISO code,
ATA,Antarctica,AQ,ATA,3char ISO code,
ATF,French Southern Territories,TF,ATF,3char ISO code,
ATG,Antigua and Barbuda,AG,ATG,3char ISO code,
AUS,Australia,AU,AUS,3char ISO code,
AUT,Austria,AT,AUT,3char ISO code,
AZE,Azerbaijan,AZ,AZE,3char ISO code,
BDI,Burundi,BI,BDI,3char ISO code,
BEL,Belgium,BE,BEL,3char ISO code,
BEN,Benin,BJ,BEN,3char ISO code,
BES,Bonaire,BQ,BES,3char ISO code,
BFA,Burkina Faso,BF,BFA,3char ISO code,
BGD,Bangladesh,BD,BGD,3char ISO code,
BGR,Bulgaria,BG,BGR,3char ISO code,
BHR,Bahrain,BH,BHR,3char ISO code,
BHS,Bahamas,BS,BHS,3char ISO code,
BIH,Bosnia and Herzegovina,BA,BIH,3char ISO code,
BLM,Saint Barthelemy,BL,BLM,3char ISO code,
BLR,Belarus,BY,BLR,3char ISO code,
BLZ,Belize,BZ,BLZ,3char ISO code,
BMU,Bermuda,BM,BMU,3char ISO code,
BOL,Bolivia,BO,BOL,3char ISO code,
BRA,Brazil,BR,BRA,3char ISO code,
BRB,Barbados,BB,BRB,3char ISO code,
BRN,Brunei,BN,BRN,3char ISO code,
BTN,Bhutan,BT,BTN,3char ISO code,
BVT,Bouvet Island,BV,BVT,3char ISO code,
BWA,Botswana,BW,BWA,3char ISO code,
CAF,Central African Republic,CF,CAF,3char ISO code,
CAN,Canada,CA,CAN,3char ISO code,
CCK,Cocos,CC,CCK,3char ISO code,
CIV,Cote d'Ivoire,CI,CIV,3char ISO code,
CMR,Cameroon,CM,CMR,3char ISO code,
COD,Congo Kinshasa,CD,COD,3char ISO code,
COG,Congo Brazzaville,CG,COG,3char ISO code,
COK,Cook Islands,CK,COK,3char ISO code,
COL,Colombia,CO,COL,3char ISO code,
COM,Comoros,KM,COM,3char ISO code,
CPV,Cabo Verde?,CV,CPV,3char ISO code,
CRI,Costa Rica,CR,CRI,3char ISO code,
CUB,Cuba,CU,CUB,3char ISO code,
CUW,Curacao,CW,CUW,3char ISO code,
CXR,Christmas Island,CX,CXR,3char ISO code,
CYM,Cayman Islands,KY,CYM,3char ISO code,
CYP,Cyprus,CY,CYP,3char ISO code,
CZE,Czechia,CZ,CZE,3char ISO code,
DEU,Germany,DE,DEU,3char ISO code,
DJI,Djibouti,DJ,DJI,3char ISO code,
DMA,Dominica,DM,DMA,3char ISO code,
DNK,Denmark,DK,DNK,3char ISO code,
DOM,Dominican Republic,DO,DOM,3char ISO code,
DZA,Algeria,DZ,DZA,3char ISO code,
ECU,Ecuador,EC,ECU,3char ISO code,
EGY,Egypt,EG,EGY,3char ISO code,
ERI,Eritrea,ER,ERI,3char ISO code,
ESH,Western Sahara,EH,ESH,3char ISO code,
ESP,Spain,ES,ESP,3char ISO code,
EST,Estonia,EE,EST,3char ISO code,
ETH,Ethiopia,ET,ETH,3char ISO code,
FIN,Finland,FI,FIN,3char ISO code,
FJI,Fiji,FJ,FJI,3char ISO code,
FLK,Falkland Islands,FK,FLK,3char ISO code,
FRA,France,FR,FRA,3char ISO code,
FRO,Faroe Islands,FO,FRO,3char ISO code,
FSM,Micronesia,FM,FSM,3char ISO code,
GAB,Gabon,GA,GAB,3char ISO code,
GBR,United Kingdom,GB,GBR,3char ISO code,
GEO,Georgia,GE,GEO,3char ISO code,
GGY,Guernsey,GG,GGY,3char ISO code,
GHA,Ghana,GH,GHA,3char ISO code,
GIB,Gibraltar,GI,GIB,3char ISO code,
GIN,Guinea,GN,GIN,3char ISO code,
GLP,Guadeloupe,GP,GLP,3char ISO code,
GMB,Gambia,GM,GMB,3char ISO code,
GNB,Guinea Bissau,GW,GNB,3char ISO code,
GNQ,Equatorial Guinea,GQ,GNQ,3char ISO code,
GRC,Greece,GR,GRC,3char ISO code,
GRD,Grenada,GD,GRD,3char ISO code,
GRL,Greenland,GL,GRL,3char ISO code,
GTM,Guatemala,GT,GTM,3char ISO code,
GUF,French Guiana,GF,GUF,3char ISO code,
GUM,Guam,GU,GUM,3char ISO code,
GUY,Guyana,GY,GUY,3char ISO code,
HKG,Hong Kong,HK,HKG,3char ISO code,
HMD,Heard Island and McDonald Islands,HM,HMD,3char ISO code,
HND,Honduras,HN,HND,3char ISO code,
HRV,Croatia,HR,HRV,3char ISO code,
HTI,Haiti,HT,HTI,3char ISO code,
HUN,Hungary,HU,HUN,3char ISO code,
CHE,Switzerland,CH,CHE,3char ISO code,
CHL,Chile,CL,CHL,3char ISO code,
CHN,China,CN,CHN,3char ISO code,
IDN,Indonesia,ID,IDN,3char ISO code,
IMN,Isle of Man,IM,IMN,3char ISO code,
IND,India,IN,IND,3char ISO code,
IOT,British Indian Ocean Territory,IO,IOT,3char ISO code,
IRL,Ireland,IE,IRL,3char ISO code,
IRN,Iran,IR,IRN,3char ISO code,
IRQ,Iraq,IQ,IRQ,3char ISO code,
ISL,Iceland,IS,ISL,3char ISO code,
ISR,Israel,IL,ISR,3char ISO code,
ITA,Italy,IT,ITA,3char ISO code,
JAM,Jamaica,JM,JAM,3char ISO code,
JEY,Jersey,JE,JEY,3char ISO code,
JOR,Jordan,JO,JOR,3char ISO code,
JPN,Japan,JP,JPN,3char ISO code,
KAZ,Kazakhstan,KZ,KAZ,3char ISO code,
KEN,Kenya,KE,KEN,3char ISO code,
KGZ,Kyrgyzstan,KG,KGZ,3char ISO code,
KHM,Cambodia,KH,KHM,3char ISO code,
KIR,Kiribati,KI,KIR,3char ISO code,
KNA,Saint Kitts and Nevis,KN,KNA,3char ISO code,
KOR,North Korea,KR,KOR,3char ISO code,
KWT,Kuwait,KW,KWT,3char ISO code,
LAO,Laos,LA,LAO,3char ISO code,
LBN,Lebanon,LB,LBN,3char ISO code,
LBR,Liberia,LR,LBR,3char ISO code,
LBY,Libya,LY,LBY,3char ISO code,
LCA,Saint Lucia,LC,LCA,3char ISO code,
LIE,Liechtenstein,LI,LIE,3char ISO code,
LKA,Sri Lanka,LK,LKA,3char ISO code,
LSO,Lesotho,LS,LSO,3char ISO code,
LTU,Lithuania,LT,LTU,3char ISO code,
LUX,Luxembourg,LU,LUX,3char ISO code,
LVA,Latvia,LV,LVA,3char ISO code,
MAC,Macao,MO,MAC,3char ISO code,
MAF,Saint Martin,MF,MAF,3char ISO code,
MAR,Morocco,MA,MAR,3char ISO code,
MCO,Monaco,MC,MCO,3char ISO code,
MDA,Moldova,MD,MDA,3char ISO code,
MDG,Madagascar,MG,MDG,3char ISO code,
MDV,Maldives,MV,MDV,3char ISO code,
MEX,Mexico,MX,MEX,3char ISO code,
MHL,Marshall Islands,MH,MHL,3char ISO code,
MKD,North Macedonia,MK,MKD,3char ISO code,
MLI,Mali,ML,MLI,3char ISO code,
MLT,Malta,MT,MLT,3char ISO code,
MMR,Myanmar,MM,MMR,3char ISO code,
MNE,Montenegro,ME,MNE,3char ISO code,
MNG,Mongolia,MN,MNG,3char ISO code,
MNP,Northern Mariana Islands,MP,MNP,3char ISO code,
MOZ,Mozambique,MZ,MOZ,3char ISO code,
MRT,Mauritania,MR,MRT,3char ISO code,
MSR,Montserrat,MS,MSR,3char ISO code,
MTQ,Martinique,MQ,MTQ,3char ISO code,
MUS,Mauritius,MU,MUS,3char ISO code,
MWI,Malawi,MW,MWI,3char ISO code,
MYS,Malaysia,MY,MYS,3char ISO code,
MYT,Mayotte,YT,MYT,3char ISO code,
NAM,Namibia,NA,NAM,3char ISO code,
NCL,New Caledonia,NC,NCL,3char ISO code,
NER,Niger,NE,NER,3char ISO code,
NFK,Norfolk Island,NF,NFK,3char ISO code,
NGA,Nigeria,NG,NGA,3char ISO code,
NIC,Nicaragua,NI,NIC,3char ISO code,
NIU,Niue,NU,NIU,3char ISO code,
NLD,Netherlands,NL,NLD,3char ISO code,
NOR,Norway,NO,NOR,3char ISO code,
NPL,Nepal,NP,NPL,3char ISO code,
NRU,Nauru,NR,NRU,3char ISO code,
NZL,New Zealand,NZ,NZL,3char ISO code,
OMN,Oman,OM,OMN,3char ISO code,
PAK,Pakistan,PK,PAK,3char ISO code,
PAN,Panama,PA,PAN,3char ISO code,
PCN,Pitcairn,PN,PCN,3char ISO code,
PER,Peru,PE,PER,3char ISO code,
PHL,Philippines,PH,PHL,3char ISO code,
PLW,Palau,PW,PLW,3char ISO code,
PNG,Papua New Guinea,PG,PNG,3char ISO code,
POL,Poland,PL,POL,3char ISO code,
PRI,Puerto Rico,PR,PRI,3char ISO code,
PRK,South Korea,KP,PRK,3char ISO code,
PRT,Portugal,PT,PRT,3char ISO code,
PRY,Paraguay,PY,PRY,3char ISO code,
PSE,Palestine,PS,PSE,3char ISO code,
PYF,French Polynesia,PF,PYF,3char ISO code,
QAT,Qatar,QA,QAT,3char ISO code,
REU,Reunion,RE,REU,3char ISO code,
ROU,Romania,RO,ROU,3char ISO code,
RUS,Russia,RU,RUS,3char ISO code,
RWA,Rwanda,RW,RWA,3char ISO code,
SAU,Saudi Arabia,SA,SAU,3char ISO code,
SDN,Sudan,SD,SDN,3char ISO code,
SEN,Senegal,SN,SEN,3char ISO code,
SGP,Singapore,SG,SGP,3char ISO code,
SGS,South Georgia and the South Sandwich Islands,GS,SGS,3char ISO code,
SHN,Saint Helena,SH,SHN,3char ISO code,
SJM,Svalbard,SJ,SJM,3char ISO code,
SLB,Solomon Islands,SB,SLB,3char ISO code,
SLE,Sierra Leone,SL,SLE,3char ISO code,
SLV,El Salvador,SV,SLV,3char ISO code,
SMR,San Marino,SM,SMR,3char ISO code,
SOM,Somalia,SO,SOM,3char ISO code,
SPM,Saint Pierre and Miquelon,PM,SPM,3char ISO code,
SRB,Serbia,RS,SRB,3char ISO code,
SSD,South Sudan,SS,SSD,3char ISO code,
STP,Sao Tome and Principe,ST,STP,3char ISO code,
SUR,Suriname,SR,SUR,3char ISO code,
SVK,Slovakia,SK,SVK,3char ISO code,
SVN,Slovenia,SI,SVN,3char ISO code,
SWE,Sweden,SE,SWE,3char ISO code,
SWZ,Eswatini,SZ,SWZ,3char ISO code,
SXM,Sint Maarten,SX,SXM,3char ISO code,
SYC,Seychelles,SC,SYC,3char ISO code,
SYR,Syrian Arab Republic,SY,SYR,3char ISO code,
TCA,Turks and Caicos Islands,TC,TCA,3char ISO code,
TCD,Chad,TD,TCD,3char ISO code,
TGO,Togo,TG,TGO,3char ISO code,
THA,Thailand,TH,THA,3char ISO code,
TJK,Tajikistan,TJ,TJK,3char ISO code,
TKL,Tokelau,TK,TKL,3char ISO code,
TKM,Turkmenistan,TM,TKM,3char ISO code,
TLS,Timor Leste,TL,TLS,3char ISO code,
TON,Tonga,TO,TON,3char ISO code,
TTO,Trinidad and Tobago,TT,TTO,3char ISO code,
TUN,Tunisia,TN,TUN,3char ISO code,
TUR,Turkey,TR,TUR,3char ISO code,
TUV,Tuvalu,TV,TUV,3char ISO code,
TWN,Taiwan,TW,TWN,3char ISO code,
TZA,"Tanzania, the United Republic of",TZ,TZA,3char ISO code,
UGA,Uganda,UG,UGA,3char ISO code,
UKR,Ukraine,UA,UKR,3char ISO code,
UMI,United States Minor Outlying Islands,UM,UMI,3char ISO code,
URY,Uruguay,UY,URY,3char ISO code,
UZB,Uzbekistan,UZ,UZB,3char ISO code,
VAT,Vatican City,VA,VAT,3char ISO code,
VCT,Saint Vincent and the Grenadines,VC,VCT,3char ISO code,
VEN,Venezuela,VE,VEN,3char ISO code,
VGB,Virgin Islands,VG,VGB,3char ISO code,
VIR,Virgin Islands,VI,VIR,3char ISO code,
VNM,Vietnam,VN,VNM,3char ISO code,
VUT,Vanuatu,VU,VUT,3char ISO code,
WLF,Wallis and Futuna,WF,WLF,3char ISO code,
WSM,Samoa,WS,WSM,3char ISO code,
XKX,Kosovo,XK,XKX,3char ISO code,
XXX,Others,XX,XXX,3char ISO code,Others error value
XXY,# Undefined,XY,XXY,3char ISO code,# Undefined error value
YEM,Yemen,YE,YEM,3char ISO code,
ZAF,South Africa,ZA,ZAF,3char ISO code,
ZMB,Zambia,ZM,ZMB,3char ISO code,
ZWE,Zimbabwe,ZW,ZWE,3char ISO code,
AD,Andorra,AD,AND,2char ISO code,
AE,United Arab Emirates,AE,ARE,2char ISO code,
AF,Afghanistan,AF,AFG,2char ISO code,
AG,Antigua and Barbuda,AG,ATG,2char ISO code,
AI,Anguilla,AI,AIA,2char ISO code,
AL,Albania,AL,ALB,2char ISO code,
AM,Armenia,AM,ARM,2char ISO code,
AN,Netherlands Antilles,AN,ANT,2char ISO code,
AO,Angola,AO,AGO,2char ISO code,
AQ,Antarctica,AQ,ATA,2char ISO code,
AR,Argentina,AR,ARG,2char ISO code,
AS,American Samoa,AS,ASM,2char ISO code,
AT,Austria,AT,AUT,2char ISO code,
AU,Australia,AU,AUS,2char ISO code,
AW,Aruba,AW,ABW,2char ISO code,
AX,Aland Islands,AX,ALA,2char ISO code,
AZ,Azerbaijan,AZ,AZE,2char ISO code,
BA,Bosnia and Herzegovina,BA,BIH,2char ISO code,
BB,Barbados,BB,BRB,2char ISO code,
BD,Bangladesh,BD,BGD,2char ISO code,
BE,Belgium,BE,BEL,2char ISO code,
BF,Burkina Faso,BF,BFA,2char ISO code,
BG,Bulgaria,BG,BGR,2char ISO code,
BH,Bahrain,BH,BHR,2char ISO code,
BI,Burundi,BI,BDI,2char ISO code,
BJ,Benin,BJ,BEN,2char ISO code,
BL,Saint Barthelemy,BL,BLM,2char ISO code,
BM,Bermuda,BM,BMU,2char ISO code,
BN,Brunei,BN,BRN,2char ISO code,
BO,Bolivia,BO,BOL,2char ISO code,
BQ,Bonaire,BQ,BES,2char ISO code,
BR,Brazil,BR,BRA,2char ISO code,
BS,Bahamas,BS,BHS,2char ISO code,
BT,Bhutan,BT,BTN,2char ISO code,
BV,Bouvet Island,BV,BVT,2char ISO code,
BW,Botswana,BW,BWA,2char ISO code,
BY,Belarus,BY,BLR,2char ISO code,
BZ,Belize,BZ,BLZ,2char ISO code,
CA,Canada,CA,CAN,2char ISO code,
CC,Cocos,CC,CCK,2char ISO code,
CD,Congo Kinshasa,CD,COD,2char ISO code,
CF,Central African Republic,CF,CAF,2char ISO code,
CG,Congo Brazzaville,CG,COG,2char ISO code,
CI,Cote d'Ivoire,CI,CIV,2char ISO code,
CK,Cook Islands,CK,COK,2char ISO code,
CL,Chile,CL,CHL,2char ISO code,
CM,Cameroon,CM,CMR,2char ISO code,
CN,China,CN,CHN,2char ISO code,
CO,Colombia,CO,COL,2char ISO code,
CR,Costa Rica,CR,CRI,2char ISO code,
CU,Cuba,CU,CUB,2char ISO code,
CV,Cabo Verde?,CV,CPV,2char ISO code,
CW,Curacao,CW,CUW,2char ISO code,
CX,Christmas Island,CX,CXR,2char ISO code,
CY,Cyprus,CY,CYP,2char ISO code,
CZ,Czechia,CZ,CZE,2char ISO code,
DE,Germany,DE,DEU,2char ISO code,
DJ,Djibouti,DJ,DJI,2char ISO code,
DK,Denmark,DK,DNK,2char ISO code,
DM,Dominica,DM,DMA,2char ISO code,
DO,Dominican Republic,DO,DOM,2char ISO code,
DZ,Algeria,DZ,DZA,2char ISO code,
EC,Ecuador,EC,ECU,2char ISO code,
EE,Estonia,EE,EST,2char ISO code,
EG,Egypt,EG,EGY,2char ISO code,
EH,Western Sahara,EH,ESH,2char ISO code,
ER,Eritrea,ER,ERI,2char ISO code,
ES,Spain,ES,ESP,2char ISO code,
ET,Ethiopia,ET,ETH,2char ISO code,
FI,Finland,FI,FIN,2char ISO code,
FJ,Fiji,FJ,FJI,2char ISO code,
FK,Falkland Islands,FK,FLK,2char ISO code,
FM,Micronesia,FM,FSM,2char ISO code,
FO,Faroe Islands,FO,FRO,2char ISO code,
FR,France,FR,FRA,2char ISO code,
GA,Gabon,GA,GAB,2char ISO code,
GB,United Kingdom,GB,GBR,2char ISO code,
GD,Grenada,GD,GRD,2char ISO code,
GE,Georgia,GE,GEO,2char ISO code,
GF,French Guiana,GF,GUF,2char ISO code,
GG,Guernsey,GG,GGY,2char ISO code,
GH,Ghana,GH,GHA,2char ISO code,
GI,Gibraltar,GI,GIB,2char ISO code,
GL,Greenland,GL,GRL,2char ISO code,
GM,Gambia,GM,GMB,2char ISO code,
GN,Guinea,GN,GIN,2char ISO code,
GP,Guadeloupe,GP,GLP,2char ISO code,
GQ,Equatorial Guinea,GQ,GNQ,2char ISO code,
GR,Greece,GR,GRC,2char ISO code,
GS,South Georgia and the South Sandwich Islands,GS,SGS,2char ISO code,
GT,Guatemala,GT,GTM,2char ISO code,
GU,Guam,GU,GUM,2char ISO code,
GW,Guinea Bissau,GW,GNB,2char ISO code,
GY,Guyana,GY,GUY,2char ISO code,
HK,Hong Kong,HK,HKG,2char ISO code,
HM,Heard Island and McDonald Islands,HM,HMD,2char ISO code,
HN,Honduras,HN,HND,2char ISO code,
HR,Croatia,HR,HRV,2char ISO code,
HT,Haiti,HT,HTI,2char ISO code,
HU,Hungary,HU,HUN,2char ISO code,
CH,Switzerland,CH,CHE,2char ISO code,
ID,Indonesia,ID,IDN,2char ISO code,
IE,Ireland,IE,IRL,2char ISO code,
IL,Israel,IL,ISR,2char ISO code,
IM,Isle of Man,IM,IMN,2char ISO code,
IN,India,IN,IND,2char ISO code,
IO,British Indian Ocean Territory,IO,IOT,2char ISO code,
IQ,Iraq,IQ,IRQ,2char ISO code,
IR,Iran,IR,IRN,2char ISO code,
IS,Iceland,IS,ISL,2char ISO code,
IT,Italy,IT,ITA,2char ISO code,
JE,Jersey,JE,JEY,2char ISO code,
JM,Jamaica,JM,JAM,2char ISO code,
JO,Jordan,JO,JOR,2char ISO code,
JP,Japan,JP,JPN,2char ISO code,
KE,Kenya,KE,KEN,2char ISO code,
KG,Kyrgyzstan,KG,KGZ,2char ISO code,
KH,Cambodia,KH,KHM,2char ISO code,
KI,Kiribati,KI,KIR,2char ISO code,
KM,Comoros,KM,COM,2char ISO code,
KN,Saint Kitts and Nevis,KN,KNA,2char ISO code,
KP,South Korea,KP,PRK,2char ISO code,
KR,North Korea,KR,KOR,2char ISO code,
KW,Kuwait,KW,KWT,2char ISO code,
KY,Cayman Islands,KY,CYM,2char ISO code,
KZ,Kazakhstan,KZ,KAZ,2char ISO code,
LA,Laos,LA,LAO,2char ISO code,
LB,Lebanon,LB,LBN,2char ISO code,
LC,Saint Lucia,LC,LCA,2char ISO code,
LI,Liechtenstein,LI,LIE,2char ISO code,
LK,Sri Lanka,LK,LKA,2char ISO code,
LR,Liberia,LR,LBR,2char ISO code,
LS,Lesotho,LS,LSO,2char ISO code,
LT,Lithuania,LT,LTU,2char ISO code,
LU,Luxembourg,LU,LUX,2char ISO code,
LV,Latvia,LV,LVA,2char ISO code,
LY,Libya,LY,LBY,2char ISO code,
MA,Morocco,MA,MAR,2char ISO code,
MC,Monaco,MC,MCO,2char ISO code,
MD,Moldova,MD,MDA,2char ISO code,
ME,Montenegro,ME,MNE,2char ISO code,
MF,Saint Martin,MF,MAF,2char ISO code,
MG,Madagascar,MG,MDG,2char ISO code,
MH,Marshall Islands,MH,MHL,2char ISO code,
MK,North Macedonia,MK,MKD,2char ISO code,
ML,Mali,ML,MLI,2char ISO code,
MM,Myanmar,MM,MMR,2char ISO code,
MN,Mongolia,MN,MNG,2char ISO code,
MO,Macao,MO,MAC,2char ISO code,
MP,Northern Mariana Islands,MP,MNP,2char ISO code,
MQ,Martinique,MQ,MTQ,2char ISO code,
MR,Mauritania,MR,MRT,2char ISO code,
MS,Montserrat,MS,MSR,2char ISO code,
MT,Malta,MT,MLT,2char ISO code,
MU,Mauritius,MU,MUS,2char ISO code,
MV,Maldives,MV,MDV,2char ISO code,
MW,Malawi,MW,MWI,2char ISO code,
MX,Mexico,MX,MEX,2char ISO code,
MY,Malaysia,MY,MYS,2char ISO code,
MZ,Mozambique,MZ,MOZ,2char ISO code,
NA,Namibia,NA,NAM,2char ISO code,
NC,New Caledonia,NC,NCL,2char ISO code,
NE,Niger,NE,NER,2char ISO code,
NF,Norfolk Island,NF,NFK,2char ISO code,
NG,Nigeria,NG,NGA,2char ISO code,
NI,Nicaragua,NI,NIC,2char ISO code,
NL,Netherlands,NL,NLD,2char ISO code,
NO,Norway,NO,NOR,2char ISO code,
NP,Nepal,NP,NPL,2char ISO code,
NR,Nauru,NR,NRU,2char ISO code,
NU,Niue,NU,NIU,2char ISO code,
NZ,New Zealand,NZ,NZL,2char ISO code,
OM,Oman,OM,OMN,2char ISO code,
PA,Panama,PA,PAN,2char ISO code,
PE,Peru,PE,PER,2char ISO code,
PF,French Polynesia,PF,PYF,2char ISO code,
PG,Papua New Guinea,PG,PNG,2char ISO code,
PH,Philippines,PH,PHL,2char ISO code,
PK,Pakistan,PK,PAK,2char ISO code,
PL,Poland,PL,POL,2char ISO code,
PM,Saint Pierre and Miquelon,PM,SPM,2char ISO code,
PN,Pitcairn,PN,PCN,2char ISO code,
PR,Puerto Rico,PR,PRI,2char ISO code,
PS,Palestine,PS,PSE,2char ISO code,
PT,Portugal,PT,PRT,2char ISO code,
PW,Palau,PW,PLW,2char ISO code,
PY,Paraguay,PY,PRY,2char ISO code,
QA,Qatar,QA,QAT,2char ISO code,
RE,Reunion,RE,REU,2char ISO code,
RO,Romania,RO,ROU,2char ISO code,
RS,Serbia,RS,SRB,2char ISO code,
RU,Russia,RU,RUS,2char ISO code,
RW,Rwanda,RW,RWA,2char ISO code,
SA,Saudi Arabia,SA,SAU,2char ISO code,
SB,Solomon Islands,SB,SLB,2char ISO code,
SC,Seychelles,SC,SYC,2char ISO code,
SD,Sudan,SD,SDN,2char ISO code,
SE,Sweden,SE,SWE,2char ISO code,
SG,Singapore,SG,SGP,2char ISO code,
SH,Saint Helena,SH,SHN,2char ISO code,
SI,Slovenia,SI,SVN,2char ISO code,
SJ,Svalbard,SJ,SJM,2char ISO code,
SK,Slovakia,SK,SVK,2char ISO code,
SL,Sierra Leone,SL,SLE,2char ISO code,
SM,San Marino,SM,SMR,2char ISO code,
SN,Senegal,SN,SEN,2char ISO code,
SO,Somalia,SO,SOM,2char ISO code,
SR,Suriname,SR,SUR,2char ISO code,
SS,South Sudan,SS,SSD,2char ISO code,
ST,Sao Tome and Principe,ST,STP,2char ISO code,
SV,El Salvador,SV,SLV,2char ISO code,
SX,Sint Maarten,SX,SXM,2char ISO code,
SY,Syrian Arab Republic,SY,SYR,2char ISO code,
SZ,Eswatini,SZ,SWZ,2char ISO code,
TC,Turks and Caicos Islands,TC,TCA,2char ISO code,
TD,Chad,TD,TCD,2char ISO code,
TF,French Southern Territories,TF,ATF,2char ISO code,
TG,Togo,TG,TGO,2char ISO code,
TH,Thailand,TH,THA,2char ISO code,
TJ,Tajikistan,TJ,TJK,2char ISO code,
TK,Tokelau,TK,TKL,2char ISO code,
TL,Timor Leste,TL,TLS,2char ISO code,
TM,Turkmenistan,TM,TKM,2char ISO code,
TN,Tunisia,TN,TUN,2char ISO code,
TO,Tonga,TO,TON,2char ISO code,
TR,Turkey,TR,TUR,2char ISO code,
TT,Trinidad and Tobago,TT,TTO,2char ISO code,
TV,Tuvalu,TV,TUV,2char ISO code,
TW,Taiwan,TW,TWN,2char ISO code,
TZ,"Tanzania, the United Republic of",TZ,TZA,2char ISO code,
UA,Ukraine,UA,UKR,2char ISO code,
UG,Uganda,UG,UGA,2char ISO code,
UM,United States Minor Outlying Islands,UM,UMI,2char ISO code,
UY,Uruguay,UY,URY,2char ISO code,
UZ,Uzbekistan,UZ,UZB,2char ISO code,
VA,Vatican City,VA,VAT,2char ISO code,
VC,Saint Vincent and the Grenadines,VC,VCT,2char ISO code,
VE,Venezuela,VE,VEN,2char ISO code,
VG,Virgin Islands,VG,VGB,2char ISO code,
VI,Virgin Islands,VI,VIR,2char ISO code,
VN,Vietnam,VN,VNM,2char ISO code,
VU,Vanuatu,VU,VUT,2char ISO code,
WF,Wallis and Futuna,WF,WLF,2char ISO code,
WS,Samoa,WS,WSM,2char ISO code,
XK,Kosovo,XK,XKX,2char ISO code,
XX,Others,XX,XXX,2char ISO code,Others error value
XY,# Undefined,XY,XXY,2char ISO code,# Undefined error value
YE,Yemen,YE,YEM,2char ISO code,
YT,Mayotte,YT,MYT,2char ISO code,
ZA,South Africa,ZA,ZAF,2char ISO code,
ZM,Zambia,ZM,ZMB,2char ISO code,
ZW,Zimbabwe,ZW,ZWE,2char ISO code,
# Undefined,# Undefined,XY,XXY,# Undefined,# Undefined error value
Cruise Ship,Others,XX,XXX,Others,Others error value
Diamond Princess,Others,XX,XXX,Others,Others error value
Others,Others,XX,XXX,Others,Others error value
